Year,Park,Site,Borough,Latitude,Longitude,SM_ID,Sex_01,Weight,ISCAP_Larva,DON_IS,DIN_Borrelia,DIN_Babesia,Borrelia_qPCR,Babesia_qPCR,Effort_qPCR,Connect_site_1000,Impervious_site,SM_abundance,MM_abundance
2023,Alley Pond,Q-AP09,Queens,40.7435675,-73.739471,SM-002,1,30,0,0.2308,0,0,0,0,2,15.99170219,0.0246,3.1,15.63
2024,Alley Pond,Q-AP09,Queens,40.7428417,-73.736892,SM-114,1,17,0,0.125,0.0625,0,0,0,1,15.99170219,0.0246,11.81,15.91
2024,Alley Pond,Q-AP09,Queens,40.7436655,-73.739306,SM-115,1,27,0,0.125,0.0625,0,0,0,1,15.99170219,0.0246,11.81,15.91
2024,Alley Pond,Q-AP09,Queens,40.7436655,-73.739306,SM-116,1,20,0,0.125,0.0625,0,1,0,1,15.99170219,0.0246,11.81,15.91
2024,Alley Pond,Q-AP09,Queens,40.7436139,-73.739101,SM-117,0,18,0,0.125,0.0625,0,0,0,1,15.99170219,0.0246,11.81,15.91
2024,Alley Pond,Q-AP09,Queens,40.7436655,-73.739306,SM-118,1,17,0,0.125,0.0625,0,0,0,1,15.99170219,0.0246,11.81,15.91
2024,Alley Pond,Q-AP09,Queens,40.7436139,-73.739101,SM-119,0,21,1,0.125,0.0625,0,0,0,1,15.99170219,0.0246,11.81,15.91
2024,Alley Pond,Q-AP09,Queens,40.7436139,-73.739101,SM-120,1,26,0,0.125,0.0625,0,1,0,1,15.99170219,0.0246,11.81,15.91
2024,Alley Pond,Q-AP09,Queens,40.743905,-73.742591,SM-73,0,23,0,0.125,0.0625,0,0,0,1,15.99170219,0.0246,11.81,15.91
2024,Alley Pond,Q-AP09,Queens,40.7439731,-73.7423,SM-74,0,14,0,0.125,0.0625,0,0,0,1,15.99170219,0.0246,11.81,15.91
2024,Alley Pond,Q-AP09,Queens,40.7428417,-73.736892,SM-113,0,28,0,0.125,0.0625,0,1,0,1,15.99170219,0.0246,11.81,15.91
2024,Alley Pond,Q-AP09,Queens,40.7440981,-73.742762,SM-110,1,19,0,0.125,0.0625,0,1,0,1,15.99170219,0.0246,11.81,15.91
2024,Alley Pond,Q-AP09,Queens,40.7428417,-73.736892,SM-111,1,23,0,0.125,0.0625,0,1,0,1,15.99170219,0.0246,11.81,15.91
2024,Alley Pond,Q-AP09,Queens,40.7430348,-73.737025,SM-112,1,28,0,0.125,0.0625,0,0,0,1,15.99170219,0.0246,11.81,15.91
2024,Alley Pond,Q-AP09,Queens,40.7437963,-73.739545,SM-72,1,16,0,0.125,0.0625,0,0,0,1,15.99170219,0.0246,11.81,15.91
2023,Alley Pond,Q-AP09,Queens,40.7435923,-73.739461,SM-023,1,28,0,0.2308,0,0,1,0,2,15.99170219,0.0246,3.1,15.63
2023,Alley Pond,Q-AP09,Queens,40.7441654,-73.74305,SM-024,0,12,0,0.2308,0,0,0,0,2,15.99170219,0.0246,3.1,15.63
2024,Alley Pond,Q-AP09,Queens,40.7428417,-73.736892,SM-70,0,19,0,0.125,0.0625,0,0,0,1,15.99170219,0.0246,11.81,15.91
2024,Alley Pond,Q-AP09,Queens,40.7428417,-73.736892,SM-71,1,21,0,0.125,0.0625,0,0,0,1,15.99170219,0.0246,11.81,15.91
2024,Alley Pond,Q-AP23,Queens,40.7426766,-73.747383,SM-75,1,26,0,0.125,0.0625,0,0,0,2,15.41142293,0.293,12.5,44.44
2023,Cunningham,Q-CM10,Queens,40.7406947,-73.764781,SM-012,0,23,2,0.0625,0.0625,0,1,0,1,12.77534864,0.1816,20.83,50
2023,Cunningham,Q-CM10,Queens,40.740377,-73.765279,SM-017,1,23,0,0.0625,0.0625,0,0,0,2,12.77534864,0.1816,20.83,50
2024,Cunningham,Q-CM10,Queens,40.7420476,-73.766847,SM-88,1,22,0,0,0,0,0,0,2,12.77534864,0.1816,21.67,57.14
2023,Cunningham,Q-CM10,Queens,40.7403706,-73.765466,SM-018,0,24,0,0.0625,0.0625,0,0,0,2,12.77534864,0.1816,20.83,50
2023,Cunningham,Q-CM10,Queens,40.7403774,-73.765279,SM-019,0,17,0,0.0625,0.0625,0,0,0,1,12.77534864,0.1816,20.83,50
2024,Cunningham,Q-CM10,Queens,40.7420934,-73.766723,SM-87,0,18,0,0,0,0,0,0,1,12.77534864,0.1816,21.67,57.14
2023,Cunningham,Q-CM10,Queens,40.7403774,-73.765279,SM-016,0,17,0,0.0625,0.0625,0,0,0,2,12.77534864,0.1816,20.83,50
2023,Cunningham,Q-CM10,Queens,40.7424287,-73.765842,SM-013,0,20,0,0.0625,0.0625,0,0,0,2,12.77534864,0.1816,20.83,50
2023,Cunningham,Q-CM10,Queens,40.7406947,-73.764781,SM-014,0,20,0,0.0625,0.0625,0,0,0,2,12.77534864,0.1816,20.83,50
2023,Cunningham,Q-CM10,Queens,40.7406947,-73.764781,SM-015,1,25,0,0.0625,0.0625,0,0,0,2,12.77534864,0.1816,20.83,50
2024,Cunningham,Q-CM10,Queens,40.7423614,-73.765814,SM-104,0,30,0,0,0,0,0,0,1,12.77534864,0.1816,21.67,57.14
2024,Cunningham,Q-CM10,Queens,40.7420476,-73.766847,SM-101,0,29,0,0,0,0,0,0,2,12.77534864,0.1816,21.67,57.14
2024,Cunningham,Q-CM10,Queens,40.7417794,-73.766674,SM-102,0,25,0,0,0,0,0,0,2,12.77534864,0.1816,21.67,57.14
2024,Cunningham,Q-CM10,Queens,40.7424287,-73.765842,SM-103,0,22,1,0,0,0,0,0,1,12.77534864,0.1816,21.67,57.14
2024,Cunningham,Q-CM10,Queens,40.7420934,-73.766723,SM-100,0,26,0,0,0,0,0,0,2,12.77534864,0.1816,21.67,57.14
2024,Cunningham,Q-CM10,Queens,40.7420476,-73.766847,SM-89,1,21,0,0,0,0,0,0,2,12.77534864,0.1816,21.67,57.14
2024,Cunningham,Q-CM10,Queens,40.7420934,-73.766723,SM-90,0,22,0,0,0,0,0,0,1,12.77534864,0.1816,21.67,57.14
2024,Cunningham,Q-CM10,Queens,40.7420934,-73.766723,SM-91,1,26,0,0,0,0,0,0,1,12.77534864,0.1816,21.67,57.14
2023,Cunningham,Q-CM10,Queens,40.7424287,-73.765842,SM-006,1,30,0,0.0625,0.0625,0,1,0,2,12.77534864,0.1816,20.83,50
2023,Alley Pond,Q-CM10,Queens,40.7402928,-73.764908,SM-003,1,24,0,0.2308,0,0,0,0,2,12.77534864,0.1816,20.83,50
2023,Cunningham,Q-CM10,Queens,40.7423614,-73.765814,SM-004,1,28,0,0.0625,0.0625,0,1,0,2,12.77534864,0.1816,20.83,50
2023,Cunningham,Q-CM10,Queens,40.7423614,-73.765814,SM-005,0,38,0,0.0625,0.0625,0,1,0,2,12.77534864,0.1816,20.83,50
2024,Cunningham,Q-CM10,Queens,40.7420476,-73.766847,SM-86,1,20,0,0,0,0,0,0,1,12.77534864,0.1816,21.67,57.14
2024,Cunningham,Q-CM10,Queens,40.7406952,-73.764782,SM-105,1,20,0,0,0,0,0,0,1,12.77534864,0.1816,21.67,57.14
2024,Cunningham,Q-CM10,Queens,40.7424287,-73.765842,SM-98,0,29,0,0,0,0,0,0,1,12.77534864,0.1816,21.67,57.14
2024,Cunningham,Q-CM10,Queens,40.7424287,-73.765842,SM-99,1,24,0,0,0,0,1,0,1,12.77534864,0.1816,21.67,57.14
2024,Cunningham,Q-CM10,Queens,40.7403782,-73.765278,SM-94,0,22,0,0,0,0,0,0,1,12.77534864,0.1816,21.67,57.14
2024,Cunningham,Q-CM10,Queens,40.7406952,-73.764782,SM-95,1,24,0,0,0,0,0,0,2,12.77534864,0.1816,21.67,57.14
2024,Cunningham,Q-CM10,Queens,40.7403782,-73.765278,SM-93,0,28,0,0,0,0,0,0,1,12.77534864,0.1816,21.67,57.14
2024,Cunningham,Q-CM10,Queens,40.7418119,-73.766574,SM-85,1,27,0,0,0,0,1,0,2,12.77534864,0.1816,21.67,57.14
2023,Cunningham,Q-CM10,Queens,40.7420476,-73.766847,SM-009,0,25,0,0.0625,0.0625,0,0,0,2,12.77534864,0.1816,20.83,50
2024,Cunningham,Q-CM10,Queens,40.7418119,-73.766574,SM-83,1,26,0,0,0,0,0,0,2,12.77534864,0.1816,21.67,57.14
2024,Cunningham,Q-CM10,Queens,40.7417794,-73.766674,SM-84,0,24,0,0,0,0,0,0,1,12.77534864,0.1816,21.67,57.14
2024,Cunningham,Q-CM10,Queens,40.7424287,-73.765842,SM-97,0,21,0,0,0,0,0,0,1,12.77534864,0.1816,21.67,57.14
2023,Cunningham,Q-CM10,Queens,40.741824,-73.766573,SM-008,1,28,0,0.0625,0.0625,0,0,0,1,12.77534864,0.1816,20.83,50
2024,Cunningham,Q-CM10,Queens,40.7423614,-73.765814,SM-96,0,25,0,0,0,0,0,0,2,12.77534864,0.1816,21.67,57.14
2024,Cunningham,Q-CM11,Queens,40.7270027,-73.772292,SM-82,1,20,0,0,0,0,0,0,1,10.16015214,0.1759,18.18,37.5
2023,Cunningham,Q-CM11,Queens,40.7274425,-73.7726,SM-010,0,15,2,0.0625,0.0625,0,0,0,1,10.16015214,0.1759,9.09,33.33
2024,Cunningham,Q-CM11,Queens,40.7277934,-73.772397,SM-79,0,20,0,0,0,0,0,0,1,10.16015214,0.1759,18.18,37.5
2024,Cunningham,Q-CM11,Queens,40.7270027,-73.772292,SM-77,0,27,0,0,0,0,1,0,1,10.16015214,0.1759,18.18,37.5
2023,Cunningham,Q-CM11,Queens,40.7269061,-73.772314,SM-011,0,15,0,0.0625,0.0625,0,0,0,1,10.16015214,0.1759,9.09,33.33
2024,Cunningham,Q-CM11,Queens,40.727399,-73.772314,SM-106,1,18,0,0,0,0,0,0,1,10.16015214,0.1759,18.18,37.5
2024,Cunningham,Q-CM11,Queens,40.7270027,-73.772292,SM-107,1,21,0,0,0,0,0,0,1,10.16015214,0.1759,18.18,37.5
2024,Cunningham,Q-CM11,Queens,40.7277934,-73.772397,SM-80,0,17,0,0,0,0,0,0,1,10.16015214,0.1759,18.18,37.5
2024,Cunningham,Q-CM11,Queens,40.7277934,-73.772397,SM-78,0,26,0,0,0,0,0,0,1,10.16015214,0.1759,18.18,37.5
2024,Cunningham,Q-CM11,Queens,40.727399,-73.772314,SM-81,0,20,0,0,0,0,1,0,2,10.16015214,0.1759,18.18,37.5
2023,Forest,Q-FT14,Queens,40.7028992,-73.850959,SM-060,0,14,0,0.125,0.0625,0,0,0,2,9.980720285,0.1421,3.89,15.56
2023,Forest,Q-FT14,Queens,40.7035651,-73.851702,SM-062,1,16,0,0.125,0.0625,0,0,0,1,9.980720285,0.1421,3.89,15.56
2023,Forest,Q-FT14,Queens,40.7028562,-73.850803,SM-053,1,24,0,0.125,0.0625,0,0,0,2,9.980720285,0.1421,3.89,15.56
2024,Forest,Q-FT14,Queens,40.7028565,-73.850803,SM-192,0,23,0,0.0625,0,0,0,0,1,9.980720285,0.1421,15.97,33.33
2023,Forest,Q-FT14,Queens,40.7028562,-73.850803,SM-061,0,19,0,0.125,0.0625,0,0,0,1,9.980720285,0.1421,3.89,15.56
2024,Forest,Q-FT14,Queens,40.7026308,-73.851509,SM-168,0,27,0,0.0625,0,0,0,0,2,9.980720285,0.1421,15.97,33.33
2023,Forest,Q-FT14,Queens,40.7034289,-73.850969,SM-058,0,17,0,0.125,0.0625,0,0,0,2,9.980720285,0.1421,3.89,15.56
2024,Forest,Q-FT14,Queens,40.7035661,-73.851702,SM-167,1,23,0,0.0625,0,0,0,0,2,9.980720285,0.1421,15.97,33.33
2024,Forest,Q-FT14,Queens,40.7034289,-73.850969,SM-172,1,30,0,0.0625,0,0,0,0,1,9.980720285,0.1421,15.97,33.33
2024,Forest,Q-FT14,Queens,40.7032591,-73.850759,SM-173,1,27,0,0.0625,0,0,0,0,1,9.980720285,0.1421,15.97,33.33
2023,Forest,Q-FT14,Queens,40.7035651,-73.851702,SM-063,0,30,0,0.125,0.0625,0,0,0,1,9.980720285,0.1421,3.89,15.56
2023,Forest,Q-FT14,Queens,40.7026305,-73.851507,SM-059,0,27,0,0.125,0.0625,0,0,0,2,9.980720285,0.1421,3.89,15.56
2023,Forest,Q-FT14,Queens,40.7035651,-73.851702,SM-064,0,24,0,0.125,0.0625,0,1,0,2,9.980720285,0.1421,3.89,15.56
2024,Forest,Q-FT14,Queens,40.7034289,-73.850969,SM-190,0,18,0,0.0625,0,0,0,0,2,9.980720285,0.1421,15.97,33.33
2024,Forest,Q-FT14,Queens,40.7028992,-73.850959,SM-191,1,21,0,0.0625,0,0,0,0,1,9.980720285,0.1421,15.97,33.33
2024,Forest,Q-FT14,Queens,40.7035661,-73.851702,SM-183,0,23,0,0.0625,0,0,0,0,1,9.980720285,0.1421,15.97,33.33
2024,Forest,Q-FT14,Queens,40.7026308,-73.851509,SM-184,1,27,0,0.0625,0,0,0,0,2,9.980720285,0.1421,15.97,33.33
2024,Forest,Q-FT14,Queens,40.7035661,-73.851702,SM-185,0,24,0,0.0625,0,0,0,0,1,9.980720285,0.1421,15.97,33.33
2024,Forest,Q-FT14,Queens,40.7026308,-73.851509,SM-186,0,26,0,0.0625,0,0,0,0,1,9.980720285,0.1421,15.97,33.33
2024,Forest,Q-FT14,Queens,40.7032591,-73.850759,SM-189,1,28,0,0.0625,0,0,0,0,2,9.980720285,0.1421,15.97,33.33
2023,Forest,Q-FT14,Queens,40.7032596,-73.850759,SM-051,1,37,0,0.125,0.0625,0,0,0,1,9.980720285,0.1421,3.89,15.56
2023,Forest,Q-FT14,Queens,40.7032596,-73.850759,SM-052,0,29,0,0.125,0.0625,0,0,0,2,9.980720285,0.1421,3.89,15.56
2024,Forest,Q-FT14,Queens,40.7026308,-73.851509,SM-169,1,30,0,0.0625,0,0,0,0,1,9.980720285,0.1421,15.97,33.33
2024,Forest,Q-FT14,Queens,40.7027548,-73.851179,SM-171,1,27,0,0.0625,0,0,0,0,1,9.980720285,0.1421,15.97,33.33
2024,Forest,Q-FT14,Queens,40.7026308,-73.851509,SM-187,0,25,0,0.0625,0,0,0,0,2,9.980720285,0.1421,15.97,33.33
2024,Forest,Q-FT14,Queens,40.7026308,-73.851509,SM-188,0,20,0,0.0625,0,0,0,0,1,9.980720285,0.1421,15.97,33.33
2023,Forest,Q-FT14,Queens,40.7028992,-73.850959,SM-050,1,27,0,0.125,0.0625,0,0,0,1,9.980720285,0.1421,3.89,15.56
2023,Kissena,Q-KA12,Queens,40.7426814,-73.8064,SM-054,1,30,0,0.0625,0,0,0,0,1,7.900135036,0.1403,5.56,12.5
2024,Kissena,Q-KA12,Queens,40.743396,-73.805134,SM-195,1,23,0,0.0625,0,0,0,0,2,7.900135036,0.1403,11.81,25
2023,Kissena,Q-KA12,Queens,40.7429073,-73.805251,SM-068,0,25,0,0.0625,0,0,0,0,2,7.900135036,0.1403,5.56,12.5
2023,Kissena,Q-KA12,Queens,40.7424604,-73.806556,SM-069,0,9,0,0.0625,0,0,0,0,1,7.900135036,0.1403,5.56,12.5
2024,Kissena,Q-KA12,Queens,40.7450877,-73.804624,SM-182,1,22,0,0.0625,0,0,0,0,1,7.900135036,0.1403,11.81,25
2024,Kissena,Q-KA12,Queens,40.7435677,-73.804788,SM-199,1,30,0,0.0625,0,0,0,0,2,7.900135036,0.1403,11.81,25
2023,Kissena,Q-KA12,Queens,40.7433965,-73.805134,SM-067,0,23,0,0.0625,0,0,0,0,1,7.900135036,0.1403,5.56,12.5
2024,Kissena,Q-KA12,Queens,40.7435677,-73.804788,SM-193,0,24,0,0.0625,0,0,0,0,1,7.900135036,0.1403,11.81,25
2024,Kissena,Q-KA12,Queens,40.7429073,-73.805251,SM-194,1,22,0,0.0625,0,0,0,0,2,7.900135036,0.1403,11.81,25
2023,Kissena,Q-KA12,Queens,40.7450875,-73.804624,SM-065,1,22,0,0.0625,0,0,1,0,1,7.900135036,0.1403,5.56,12.5
2023,Kissena,Q-KA12,Queens,40.7436863,-73.805032,SM-066,1,13,0,0.0625,0,0,0,0,1,7.900135036,0.1403,5.56,12.5
2024,Kissena,Q-KA12,Queens,40.7435677,-73.804788,SM-178,1,26,0,0.0625,0,0,0,0,1,7.900135036,0.1403,11.81,25
2023,Kissena,Q-KA12,Queens,40.7443549,-73.80483,SM-055,0,24,0,0.0625,0,0,0,0,2,7.900135036,0.1403,5.56,12.5
2023,Kissena,Q-KA12,Queens,40.7424604,-73.806556,SM-056,1,20,0,0.0625,0,0,0,0,2,7.900135036,0.1403,5.56,12.5
2024,Kissena,Q-KA12,Queens,40.7426817,-73.8064,SM-196,0,22,0,0.0625,0,0,0,0,1,7.900135036,0.1403,11.81,25
2024,Kissena,Q-KA12,Queens,40.7448563,-73.805014,SM-197,0,16,0,0.0625,0,0,0,0,1,7.900135036,0.1403,11.81,25
2024,Kissena,Q-KA12,Queens,40.7448563,-73.805014,SM-198,1,20,0,0.0625,0,0,0,0,1,7.900135036,0.1403,11.81,25
2024,Kissena,Q-KA12,Queens,40.7426817,-73.8064,SM-176,1,23,0,0.0625,0,0,0,0,2,7.900135036,0.1403,11.81,25
2024,Kissena,Q-KA12,Queens,40.7448563,-73.805014,SM-177,1,32,0,0.0625,0,0,0,0,2,7.900135036,0.1403,11.81,25
2024,Kissena,Q-KA12,Queens,40.7436866,-73.805031,SM-180,1,26,0,0.0625,0,0,0,0,1,7.900135036,0.1403,11.81,25
2024,Kissena,Q-KA12,Queens,40.7450877,-73.804624,SM-181,0,22,0,0.0625,0,0,0,0,2,7.900135036,0.1403,11.81,25
2023,Blue Heron,SI-BH07,Staten Island,40.5303489,-74.177852,SM-049,1,34,0,0.25,0.1875,0,1,0,1,33.02932373,0.0473,1.04,3.23
2023,Conference House,SI-CH17,Staten Island,40.4998622,-74.249274,SM-029,0,23,14,1.2,0.4,0,1,1,2,7.053165381,0.1406,6.25,21.43
2024,Conference House,SI-CH17,Staten Island,40.4996873,-74.249653,SM-137,1,24,1,0.8889,0.3333,0.1111,0,0,2,7.053165381,0.1406,9.31,33.33
2024,Conference House,SI-CH17,Staten Island,40.498988,-74.249424,SM-124,0,25,0,0.8889,0.3333,0.1111,0,1,2,7.053165381,0.1406,9.31,33.33
2024,Conference House,SI-CH17,Staten Island,40.4998372,-74.249679,SM-136,1,22,0,0.8889,0.3333,0.1111,1,1,2,7.053165381,0.1406,9.31,33.33
2024,Conference House,SI-CH17,Staten Island,40.498988,-74.249424,SM-125,1,23,0,0.8889,0.3333,0.1111,1,1,2,7.053165381,0.1406,9.31,33.33
2024,Conference House,SI-CH17,Staten Island,40.498988,-74.249424,SM-126,0,22,0,0.8889,0.3333,0.1111,0,0,1,7.053165381,0.1406,9.31,33.33
2024,Conference House,SI-CH17,Staten Island,40.4988301,-74.249422,SM-123,1,23,1,0.8889,0.3333,0.1111,1,1,2,7.053165381,0.1406,9.31,33.33
2024,Conference House,SI-CH17,Staten Island,40.4991157,-74.248961,SM-127,0,20,0,0.8889,0.3333,0.1111,0,1,1,7.053165381,0.1406,9.31,33.33
2024,Conference House,SI-CH17,Staten Island,40.4991157,-74.248961,SM-128,1,17,1,0.8889,0.3333,0.1111,0,0,1,7.053165381,0.1406,9.31,33.33
2024,Conference House,SI-CH17,Staten Island,40.499544,-74.249104,SM-138,1,27,0,0.8889,0.3333,0.1111,1,1,1,7.053165381,0.1406,9.31,33.33
2024,Conference House,SI-CH17,Staten Island,40.5001895,-74.248933,SM-139,0,23,5,0.8889,0.3333,0.1111,1,1,1,7.053165381,0.1406,9.31,33.33
2023,Conference House,SI-CH17,Staten Island,40.49934,-74.249762,SM-034,1,25,9,1.2,0.4,0,0,1,1,7.053165381,0.1406,6.25,21.43
2023,Conference House,SI-CH17,Staten Island,40.5000467,-74.249374,SM-030,0,17,21,1.2,0.4,0,0,1,2,7.053165381,0.1406,6.25,21.43
2024,Conference House,SI-CH17,Staten Island,40.5010571,-74.250446,SM-129,0,14,0,0.8889,0.3333,0.1111,0,0,1,7.053165381,0.1406,9.31,33.33
2023,Conference House,SI-CH17,Staten Island,40.49934,-74.249762,SM-033,1,23,4,1.2,0.4,0,1,1,1,7.053165381,0.1406,6.25,21.43
2024,Conference House,SI-CH17,Staten Island,40.4998372,-74.249679,SM-122,0,26,1,0.8889,0.3333,0.1111,1,1,2,7.053165381,0.1406,9.31,33.33
2024,Conference House,SI-CH17,Staten Island,40.499339,-74.249763,SM-135,0,22,1,0.8889,0.3333,0.1111,0,1,2,7.053165381,0.1406,9.31,33.33
2023,Conference House,SI-CH17,Staten Island,40.49934,-74.249762,SM-031,1,18,11,1.2,0.4,0,0,1,2,7.053165381,0.1406,6.25,21.43
2023,Conference House,SI-CH17,Staten Island,40.49934,-74.249762,SM-032,0,19,19,1.2,0.4,0,0,1,2,7.053165381,0.1406,6.25,21.43
2024,Conference House,SI-CH17,Staten Island,40.4991157,-74.248961,SM-134,0,22,0,0.8889,0.3333,0.1111,1,0,1,7.053165381,0.1406,9.31,33.33
2023,Conference House,SI-CH17,Staten Island,40.4992128,-74.249353,SM-037,0,16,12,1.2,0.4,0,0,0,1,7.053165381,0.1406,6.25,21.43
2023,Conference House,SI-CH17,Staten Island,40.4998622,-74.249274,SM-035,1,19,8,1.2,0.4,0,1,1,2,7.053165381,0.1406,6.25,21.43
2024,Conference House,SI-CH17,Staten Island,40.4988301,-74.249422,SM-121,1,26,1,0.8889,0.3333,0.1111,0,1,2,7.053165381,0.1406,9.31,33.33
2024,Fairview,SI-FW20,Staten Island,40.5322713,-74.231099,SM-132,0,23,5,1.4,0.5,0.3,1,0,1,37.25329959,0.2477,9.09,35.29
2024,Fairview,SI-FW20,Staten Island,40.5321477,-74.23105,SM-133,0,23,1,1.4,0.5,0.3,1,1,2,37.25329959,0.2477,9.09,35.29
2024,Fairview,SI-FW20,Staten Island,40.5322912,-74.233457,SM-140,1,16,1,1.4,0.5,0.3,0,0,1,37.25329959,0.2477,9.09,35.29
2024,Fairview,SI-FW20,Staten Island,40.5324746,-74.233391,SM-141,1,29,1,1.4,0.5,0.3,0,0,1,37.25329959,0.2477,9.09,35.29
2024,Fairview,SI-FW20,Staten Island,40.5321574,-74.233963,SM-130,1,25,0,1.4,0.5,0.3,0,0,1,37.25329959,0.2477,9.09,35.29
2024,Fairview,SI-FW20,Staten Island,40.5322996,-74.233597,SM-131,0,25,21,1.4,0.5,0.3,0,1,2,37.25329959,0.2477,9.09,35.29
2024,Fairview,SI-FW20,Staten Island,40.5322996,-74.233597,SM-144,1,30,6,1.4,0.5,0.3,1,1,1,37.25329959,0.2477,9.09,35.29
2024,Fairview,SI-FW20,Staten Island,40.5322853,-74.231311,SM-145,0,22,2,1.4,0.5,0.3,1,1,2,37.25329959,0.2477,9.09,35.29
2024,Fairview,SI-FW20,Staten Island,40.5322996,-74.233597,SM-142,0,30,3,1.4,0.5,0.3,0,0,2,37.25329959,0.2477,9.09,35.29
2024,Fairview,SI-FW20,Staten Island,40.5320532,-74.233837,SM-143,1,29,2,1.4,0.5,0.3,1,0,1,37.25329959,0.2477,9.09,35.29
2024,Fairview,SI-FW20,Staten Island,40.5312247,-74.234842,SM-146,0,21,0,1.4,0.5,0.3,1,0,1,37.25329959,0.2477,9.09,35.29
2024,Fairview,SI-FW20,Staten Island,40.5310675,-74.23508,SM-147,0,15,11,1.4,0.5,0.3,0,0,2,37.25329959,0.2477,9.09,35.29
2023,Lemon Creek,SI-LC21,Staten Island,40.5230359,-74.202959,SM-043,0,23,5,0.875,0.375,0.0625,1,0,2,28.78764552,0.2358,9.38,24.14
2023,Lemon Creek,SI-LC21,Staten Island,40.5230754,-74.202564,SM-041,0,22,4,0.875,0.375,0.0625,1,0,2,28.78764552,0.2358,9.38,24.14
2023,Lemon Creek,SI-LC21,Staten Island,40.5230359,-74.202959,SM-042,1,25,11,0.875,0.375,0.0625,1,0,1,28.78764552,0.2358,9.38,24.14
2023,Lemon Creek,SI-LC21,Staten Island,40.5201985,-74.20068,SM-046,1,28,2,0.875,0.375,0.0625,1,1,1,28.78764552,0.2358,9.38,24.14
2024,Lemon Creek,SI-LC21,Staten Island,40.5225654,-74.202742,SM-163,1,22,0,0.875,0.375,0.0625,1,0,2,28.78764552,0.2358,3.79,30.95
2024,Lemon Creek,SI-LC21,Staten Island,40.5229946,-74.202679,SM-164,0,16,0,0.875,0.375,0.0625,0,0,2,28.78764552,0.2358,3.79,30.95
2023,Lemon Creek,SI-LC21,Staten Island,40.522831,-74.203296,SM-040,0,23,10,0.875,0.375,0.0625,1,0,2,28.78764552,0.2358,9.38,24.14
2024,Lemon Creek,SI-LC21,Staten Island,40.522831,-74.203296,SM-151,0,15,4,0.875,0.375,0.0625,0,0,1,28.78764552,0.2358,3.79,30.95
2023,Lemon Creek,SI-LC21,Staten Island,40.522831,-74.203296,SM-047,1,20,3,0.875,0.375,0.0625,0,0,2,28.78764552,0.2358,9.38,24.14
2023,Lemon Creek,SI-LC21,Staten Island,40.522831,-74.203296,SM-039,1,22,4,0.875,0.375,0.0625,1,0,2,28.78764552,0.2358,9.38,24.14
2023,Lemon Creek,SI-LC21,Staten Island,40.5225656,-74.202742,SM-044,1,13,0,0.875,0.375,0.0625,0,0,1,28.78764552,0.2358,9.38,24.14
2023,Lemon Creek,SI-LC21,Staten Island,40.5204505,-74.200932,SM-045,0,22,3,0.875,0.375,0.0625,1,1,2,28.78764552,0.2358,9.38,24.14
2024,Lemon Creek,SI-LC21,Staten Island,40.522831,-74.203296,SM-152,0,18,4,0.875,0.375,0.0625,0,0,1,28.78764552,0.2358,3.79,30.95
2024,Lemon Creek,SI-LC21,Staten Island,40.5201987,-74.20068,SM-153,1,15,0,0.875,0.375,0.0625,0,0,1,28.78764552,0.2358,3.79,30.95
2024,Lemon Creek,SI-LC21,Staten Island,40.522831,-74.203296,SM-162,1,21,0,0.875,0.375,0.0625,0,0,1,28.78764552,0.2358,3.79,30.95
2023,Lemon Creek,SI-LC21,Staten Island,40.5204505,-74.200932,SM-048,1,24,2,0.875,0.375,0.0625,1,0,1,28.78764552,0.2358,9.38,24.14
2023,Long Pond,SI-LP02,Staten Island,40.5155671,-74.230512,SM-001,0,21,12,2.4,0.2667,0.2667,1,1,1,20.03448062,0.1353,1.52,11.11
2023,Mount Loretto,SI-ML03,Staten Island,40.5135341,-74.218554,SM-027,0,17,1,2.3077,0.3077,0.1538,0,0,2,24.25631222,0.1859,1.75,19.23
2023,Mount Loretto,SI-ML03,Staten Island,40.5136503,-74.218977,SM-026,1,23,1,2.3077,0.3077,0.1538,1,1,2,24.25631222,0.1859,1.75,19.23
2024,Mount Loretto,SI-ML03,Staten Island,40.5135287,-74.21895,SM-148,0,21,0,0.3684,0.1579,0.3158,0,0,1,24.25631222,0.1859,2.08,21.43
2024,Mount Loretto,SI-ML04,Staten Island,40.5078675,-74.217835,SM-149,0,18,0,0.3684,0.1579,0.3158,0,0,2,18.93358674,0.0306,10,0
2024,Mount Loretto,SI-ML04,Staten Island,40.5041135,-74.218478,SM-150,1,15,0,0.3684,0.1579,0.3158,1,0,1,18.93358674,0.0306,10,0
2024,Mount Loretto,SI-ML04,Staten Island,40.5048225,-74.217646,SM-157,0,23,0,0.3684,0.1579,0.3158,1,0,1,18.93358674,0.0306,10,0
2023,Mount Loretto,SI-ML04,Staten Island,40.5048658,-74.217477,SM-025,1,24,3,2.3077,0.3077,0.1538,1,1,2,18.93358674,0.0306,6.25,0
2023,Mount Loretto,SI-ML04,Staten Island,40.5041135,-74.218477,SM-038,1,23,1,2.3077,0.3077,0.1538,0,1,2,18.93358674,0.0306,6.25,0
2024,Mount Loretto,SI-ML04,Staten Island,40.5078675,-74.217835,SM-161,1,31,0,0.3684,0.1579,0.3158,0,1,2,18.93358674,0.0306,10,0
2023,Mount Loretto,SI-ML04,Staten Island,40.5048658,-74.217477,SM-028,1,22,0,2.3077,0.3077,0.1538,0,1,2,18.93358674,0.0306,6.25,0
2024,Mount Loretto,SI-ML04,Staten Island,40.5048977,-74.217755,SM-155,1,22,0,0.3684,0.1579,0.3158,0,0,2,18.93358674,0.0306,10,0
2024,Mount Loretto,SI-ML04,Staten Island,40.5078675,-74.217835,SM-156,0,25,0,0.3684,0.1579,0.3158,1,1,1,18.93358674,0.0306,10,0
2024,Mount Loretto,SI-ML04,Staten Island,40.5079731,-74.217871,SM-159,0,24,0,0.3684,0.1579,0.3158,1,0,1,18.93358674,0.0306,10,0
2024,Mount Loretto,SI-ML04,Staten Island,40.5048225,-74.217646,SM-154,1,23,0,0.3684,0.1579,0.3158,1,0,2,18.93358674,0.0306,10,0
2024,Mount Loretto,SI-ML04,Staten Island,40.5079731,-74.217871,SM-158,1,26,0,0.3684,0.1579,0.3158,0,0,2,18.93358674,0.0306,10,0
2024,Mount Loretto,SI-ML04,Staten Island,40.5078675,-74.217835,SM-160,1,10,0,0.3684,0.1579,0.3158,1,0,1,18.93358674,0.0306,10,0